|,|__no_occurences
avermillion,9
editeamaiiparty,2
Texican24,9
instapundit,1
sona_here,9
dejahazina,1
Haley_Greentree,1
halzengreg,9
TanousLisa,1
DSpot313,9
c_pcpl,9
rhkrish,9
RajindarK55,9
fictionorfact61,9
buland_awaaz,1
eenkblot,1
jwjoycej,1
ParamjitGarewal,10
UniteWomenCO,1
changeillinois,1
tyleratemyheart,1
AlexisRosentha2,9
StarStaufferPDX,9
Dvscott81Scott,9
sandeep98097,1
RayOzOsborne,9
JaySanghvi_yes,1
warriors_mom,9
Felipedibujante,9
shahmiruk,1
shossy2,1
mswhitlock1,1
GPeters442,9
Lovingveronica1,1
vsvraghavan,9
ajay_nandy,9
pablojair,9
Lord_Pockets,1